INSERT INTO `USERS` VALUES
('admin123','admin123');


INSERT INTO `CHARACTERS` VALUES
('Diagoztini', 'Warrior', 'Human', '4130', 'DPS', '80', 'Engineering', 'Jewelcrafting', '5850'),
('Brokengnome', 'Mage', 'Gnome', '4265', 'DPS', '80', 'Tailoring', 'Enchanting', '6217'),
('Szabikusz', 'Warrior', 'Human', '4640', 'DPS', '80', 'Alchemy', 'Jewelcrafting', '6300'),
('Ydea', 'Priest', 'Human', '3265', 'Healer', '80', 'Enchanting', 'Jewelcrafting', '6220'),
('Sharuman', 'Shaman', 'Draenei', '2610', 'Healer', '80', 'Engineering', 'Enchanting', '6156'),
('Discepticon', 'Priest', 'Human', '2045', 'DPS', '80', 'Engineering', 'Jewelcrafting', '6001'),
('Tiovar', 'Druid', 'Night Elf', '2770', 'DPS', '80', 'Leatherworking', 'Skinning', '6130'),
('Valysia', 'Shaman', 'Draenei', '3440', 'Healer', '80', 'Alchemy', 'Inscription', '6130'),
('Dugderp', 'Rogue', 'Human', '6265', 'DPS', '80', 'Alchemy', 'Engineering', '6133'),
('Swordbreaken', 'Druid', 'Night Elf', '4115', 'Tank', '80', 'Enchanting', 'Jewelcrafting', '6253'),
('Lehuntar', 'Hunter', 'Night Elf', '2520', 'DPS', '80', 'Leatherworking', 'Skinning', '6245'),
('Anticurser', 'Warlock', 'Human', '2230', 'DPS', '80', 'Tailoring', 'Engineering', '6188'),
('Saarlo', 'Paladin', 'Human', '6225', 'DPS', '80', 'Engineering', 'Jewelcrafting', '6198'),
('Parintele', 'Priest', 'Human', '3605', 'DPS', '80', 'Tailoring', 'Enchanting', '5999'),
('Gordonramsys', 'Death Knight', 'Human', '2860', 'DPS', '80', 'Engineering', 'Jewelcrafting', '5985'),
('Bwwdr', 'Paladin', 'Draenei', '4430', 'Healer', '80', 'Tailoring', 'Engineering', '6185'),
('Shirakks', 'Paladin', 'Human', '2600', 'Healer', '80', 'Mining', 'Jewelcrafting', '5860'),
('Arak', 'Druid', 'Night Elf', '5940', 'Healer', '80', 'Leatherworking', 'Tailoring', '6050'),
('Ydia', 'Warrior', 'Human', '2870', 'DPS', '80', 'Blacksmithing', 'Mining', '6058'),
('Suguha', 'Druid', 'Night Elf', '3435', 'DPS', '80', 'Mining', 'Jewelcrafting', '6012'),
('Vulvala', 'Paladin', 'Human', '3875', 'DPS', '80', 'Engineering', 'Jewelcrafting', '6250'),
('Kood', 'Druid', 'Night Elf', '2355', 'Tank', '80', 'Blacksmithing', 'Jewelcrafting', '6289'),
('Esteves', 'Paladin', 'Human', '3640', 'DPS', '80', 'Engineering', 'Jewelcrafting', '6150'),
('Unknownwoman', 'Druid', 'Night Elf', '7260', 'DPS', '80', 'Engineering', 'Jewelcrafting', '6066'),
('Esperta', 'Mage', 'Human', '1905', 'DPS', '80', 'Tailoring', 'Enchanting', '5997'),
('Boomerapm', 'Druid', 'Night Elf', '2590', 'DPS', '80', 'Leatherworking', 'Engineering', '5978'),
('Nunchoc', 'Death Knight', 'Draenei', '3565', 'DPS', '80', 'Blacksmithing', 'Engineering', '5966'),
('Tiroky', 'Hunter', 'Night Elf', '1705', 'DPS', '80', 'Engineering', 'Jewelcrafting', '5993'),
('Zverina', 'Druid', 'Night Elf', '6710', 'DPS', '80', 'Engineering', 'Jewelcrafting', '5996'),
('Nency','Death Knight','Night Elf','3545','DPS','80','Engineering','Jewelcrafting','6012'),
('Aldrovaan','Paladin','Night Elf','3505','Tank','80','Mining','Jewelcrafting','5864'),
('Yatirii','Shaman','Night Elf','4050','Healer','80','Engineering','Enchanting','5730'),
('Karena','Rogue','Human','4095','DPS','80','Mining','Engineering','6104'),
('Anneris','Mage','Human','4350','DPS','80','Tailoring','Enchanting','5430'),
('Scripterefor','Druid','Night Elf','2635','DPS','80','Engineering','Jewelcrafting','6240'),
('Szabolcs','Priest','Human','1385','Healer','80','Alchemy','Tailoring','5638'),
('Zakunara','Warlock','Human','240','DPS','71','Blacksmithing','Tailoring','460'),
('Pyoko','Warlock','Human','370','DPS','40','Tailoring','Jewelcrafting','160'),
('Kalaj','Warrior','Draenei','30','Tank','13','Enchanting','Skinning','20');

INSERT INTO `GUILD` VALUES
('Mythic Dawn', 'Diagoztini', '68');

INSERT INTO `GBelongs` VALUES
('260', 'Guild Master', 'Mythic Dawn', 'Diagoztini'),
('160', 'Officer', 'Mythic Dawn', 'Brokengnome'),
('210', 'Officer', 'Mythic Dawn', 'Szabikusz'),
('290', 'Officer', 'Mythic Dawn', 'Ydea'),
('210', 'Core Member', 'Mythic Dawn', 'Sharuman'),
('290', 'Core Member', 'Mythic Dawn', 'Discepticon'),
('200', 'Core Member', 'Mythic Dawn', 'Tiovar'),
('230', 'Core Member', 'Mythic Dawn', 'Valysia'),
('200', 'Core Member', 'Mythic Dawn', 'Dugderp'),
('260', 'Core Member', 'Mythic Dawn', 'Swordbreaken'),
('420', 'Core Member', 'Mythic Dawn', 'Lehuntar'),
('350', 'Core Member', 'Mythic Dawn', 'Anticurser'),
('400', 'Core Member', 'Mythic Dawn', 'Saarlo'),
('260', 'Core Member', 'Mythic Dawn', 'Parintele'),
('150', 'Core Member', 'Mythic Dawn', 'Gordonramsys'),
('180', 'Core Member', 'Mythic Dawn', 'Bwwdr'),
('220', 'Core Member', 'Mythic Dawn', 'Shirakks'),
('300', 'Core Member', 'Mythic Dawn', 'Arak'),
('310', 'Core Member', 'Mythic Dawn', 'Ydia'),
('380', 'Core Member', 'Mythic Dawn', 'Suguha'),
('360', 'Core Member', 'Mythic Dawn', 'Vulvala'),
('120', 'Core Member', 'Mythic Dawn', 'Kood'),
('150', 'Core Member', 'Mythic Dawn', 'Esteves'),
('200', 'Core Member', 'Mythic Dawn', 'Unknownwoman'),
('220', 'Core Member', 'Mythic Dawn', 'Esperta'),
('280', 'Core Member', 'Mythic Dawn', 'Boomerapm'),
('320', 'Core Member', 'Mythic Dawn', 'Nunchoc'),
('20', 'Core Member', 'Mythic Dawn', 'Tiroky'),
('220', 'Raider', 'Mythic Dawn', 'Zverina'),
('420','Member','Mythic Dawn', 'Nency'),
('140','Member','Mythic Dawn', 'Aldrovaan'),
('100','Member','Mythic Dawn', 'Yatirii'),
('140','Member','Mythic Dawn', 'Karena'),
('0','Test','Mythic Dawn', 'Anneris'),
('0','Test','Mythic Dawn', 'Scripterefor'),
('270','Alt','Mythic Dawn', 'Szabolcs'),
('50','Alt','Mythic Dawn', 'Zakunara'),
('50','Alt','Mythic Dawn', 'Pyoko'),
('50','Alt','Mythic Dawn', 'Kalaj');

INSERT INTO `DR` VALUES
('Icecrown Citadel', '12', 'Icecrown'),
('The Ruby Sanctum', '1', 'Dragonblight'),
('Eye of Eternity', '1', 'Nexus'),
('Trial of the Crusader', '5', 'Icecrown'),
('Forge of Souls', '2', 'Icecrown'),
('Pit of Saron', '3', 'Icecrown'),
('Halls of Reflection', '3', 'Icecrown');


INSERT INTO `BOSS` VALUES
('Lord Marrowgar', '6972500'),
('Lady Deathwhisper', '3000000'),
('Gunship Battle', '0'),
('Deathbringer Saurfang', '8785000'),
('Festergut', '9412000'),
('Rotface', '7320000'),
('Professor Putricide', '9761500'),
('Blood Prince Council', '5620000'),
('Blood-Queen Lana\'thel', '14200000'),
('Valithria Dreamwalker', '12000000'),
('Sindragosa', '11156000'),
('The Lich King', '17400000'),
('Halion', '43500000'),
('Malygos', '19523000'),
('Beasts of Northrend','0'),
('Lord Jaraxxus', '4183000'),
('Faction Champions', '0'),
('Twin Val\'kyr', '5790000'),
('Anub\'arak', '4180000'),
('Bronjahm', '903227'),
('Devourer of Souls', '903000'),
('Forgemaster Garfrost', '647000'),
('Ick and Krick', '903227'),
('Scourgelord Tyrannus', '1078000'),
('Falric', '633000'),
('Marwyn', '903000'),
('Escape the Lich King', '0');


INSERT INTO `RBelongs` VALUES
('Icecrown Citadel', 'Lord Marrowgar',1),
('Icecrown Citadel', 'Lady Deathwhisper',2),
('Icecrown Citadel', 'Gunship Battle',3),
('Icecrown Citadel', 'Deathbringer Saurfang',4),
('Icecrown Citadel', 'Festergut',5),
('Icecrown Citadel', 'Rotface',6),
('Icecrown Citadel', 'Professor Putricide',7),
('Icecrown Citadel', 'Blood Prince Council',8),
('Icecrown Citadel', 'Blood-Queen Lana\'thel',9),
('Icecrown Citadel', 'Valithria Dreamwalker',10),
('Icecrown Citadel', 'Sindragosa',11),
('Icecrown Citadel', 'The Lich King',12),
('The Ruby Sanctum', 'Halion',1),
('Eye of Eternity','Malygos',1),
('Trial of the Crusader','Beasts of Northrend',1),
('Trial of the Crusader','Lord Jaraxxus', 2),
('Trial of the Crusader','Faction Champions', 3),
('Trial of the Crusader','Twin Val\'kyr', 4),
('Trial of the Crusader','Anub\'arak', 5),
('Forge of Souls', 'Bronjahm',1),
('Forge of Souls', 'Devourer of Souls',2),
('Pit of Saron', 'Forgemaster Garfrost',1),
('Pit of Saron', 'Ick and Krick',2),
('Pit of Saron', 'Scourgelord Tyrannus',3),
('Halls of Reflection', 'Falric',1),
('Halls of Reflection', 'Marwyn',2),
('Halls of Reflection', 'Escape the Lich King',3);

INSERT INTO `ITEM` VALUES
# (ITEM_name, ITEM_level`,`ITEM_slot`,`ITEM_type`) only 10-man normal
# Lord Marrowgar
('Bone Wardens Splitter' , 251, 'Axe', 'One hand'),
('Bonebreaker Scepter'   , 251, 'Mace', 'One hand'),
('Ancient Skeletal Boots', 251, 'Feet', 'Plate'),
('Corrupted Silverplate Leggings' , 251, 'Axe', 'One hand'),
('Linked Scourge Vertebrae', 251, 	'Waist', 'Mail'),
('Coldwraith Bracers', 251, 'Wrist', 'Mail'),
('Cord of the Patronizing Practitioner', 251,'Waist','Cloth'),
('Shawl of Nerubian Silk', 251, 'Back', 'Cloak'),
('Marrowgar Scratching Choker', 251, 'Neck', 'Necklace'),
# Lady Deathwhisper
('Njorndar Bone Bow', 251, 'Ranged', 'Bow'),
('Scourgelord Baton', 251, 'Off hand', 'Off hand'),
('Deathspeaker Zealot Helm', 251, 'Head', 'Plate'),
('Chestguard of the Frigid Noose', 251, 'Chest', 'Leather'),
('Sister Handshrouds', 251, 'Hands', 'Cloth'),
('Whispering Fanged Skull', 251, 'Trinket', 'Trinket'),
# Gunship Battle
('Pauldrons of Lost Hope', 251, 'Shoulders', 'Mail'),
('Neverending Winter', 251, 'Shield', 'Shield'),
('Abomination Bloody Ring',251,	'Ring','Ring'),
('Midnight Sun',251,'Dagger','Main hand'),
('Saronite Gargoyle Cloak', 251, 'Back', 'Cloak'),
# Deathbringer Saurfang
('Thaumaturge Crackling Cowl',251,'Head','Cloth'),
('Maghari Chieftain Staff',251,'Staff','Two hand'),
('Deathforged Legplates',251,'Legs','Plate'),
('Scourge Stranglers',251,'Hands','Leather'),
('Hauberk of a Thousand Cuts',251,'Chest','Mail'),
# Festergut
('Abracadaver',251,'Staff','Two hand'),
('Festering Fingerguards',251,'Hands','Plate'),
('Taldrons Long Neglected Boots',251,'Feet','Mail'),
('Wrists of Septic Shock',251,'Wrist','Leather'),
('Bloodstained Surgeon Shoulderguards',251,'Shoulders','Cloth'),
# Rotface
('Abomination Knuckles',251,'Fist weapon','Main hand'),
('Flesh-Shaper Gurney Strap',251,'Waist','Plate'),
('Taldrons Short-Sighted Helm',251,'Head','Mail'),
('Chestguard of the Failed Experiment',251,'Chest','Leather'),
('Ether-Soaked Bracers',251,'Wrist','Cloth'),
# Professor Putricide
('The Facelifter',251,'Sword','One hand'),
('Chestplate of Septic Stitches',251,'Chest','Plate'),
('Rippling Flesh Kilt',251,'Legs','Mail'),
('Shoulders of Ruinous Senility',251,'Shoulders','Cloth'),
('Unidentifiable Organ',251,'Trinket','Trinket'),
# Blood Prince Council
('Hersir Greatspear',251,'Polearm','Two hand'),
('Battle-Maiden Legguards',251,'Legs','Plate'),
('Blood-Drinker Girdle',251,'Waist','Mail'),
('Bloodsoul Raiment',251,'Chest','Cloth'),
('Heartsick Mender Cape',251,'Back','Cloak'),
# Blood-Queen Lana'thel
('Lana\'thel Bloody Nail',251,'Ranged','Wand'),
('Throatrender Handguards',251,'Hands','Plate'),
('Chestguard of Siphoned Elements',251,'Chest','Mail'),
('Shoulderpads of the Searing Kiss',251,'Shoulder','Leather'),
('Cowl of Malefic Repose',251,'Head','Cloth'),
# Valithria Dreamwalker
('Dreamhunter Carbine',251,'Ranged','Gun'),
('Taiga Bindings',251,'Wrist','Plate'),
('Stormbringer Gloves',251,'Hands','Mail'),
('Sister Svalna Spangenhelm',251,'Head','Leather'),
('Leggings of the Refracted Mind',251,'Legs','Cloth'),
# Sindragosa
('Bleak Coldarra Carver',251,'Dagger','Main hand'),
('Legplates of Aetheric Strife',251,'Legs','Plate'),
('Shoulderguards of Crystalline Bone',251,'Shoulder','Mail'),
('Icicle Shapers',251,'Hands','Leather'),
('Robes of Azure Downfall',251,'Chest','Cloth'),
# Lich King 
('Windrunner Heartseeker',258,'Ranged','Crossbow'),
('Telthas, Dagger of the Blood King',258,'Dagger','Main hand'),
('Stormfury, Black Blade of the Betrayer',258,'Dagger','One hand'),
('Valius, Gavel of the Lightbringer',258,'Mace','Main hand'),
('Tainted Twig of Nordrassil',258,'Staff','Two hand'),
# Halion
('Charred Twilight Scale',271,'Trinket','Trinket'),
('Cloak of Burning Dusk',271,'Back','Cloak'),
('Foreshadow Steps',271,'Feet','Plate'),
('Penumbra Pendant',271,'Neck','Necklace'),
('Petrified Twilight Scale',271,'Trinket','Trinket'),
('Sharpened Twilight Scale',271,'Trinket','Trinket'),
('Signet of Twilight',271,'Ring','Ring'),
# Malygos
('Winter Spectacle Gloves',226,'Hands','Mail'),
('Reins of The Azure Drake',0,'Mount','Mount'),
('Unravelling Strands of Sanity',226,'Waist','Leather'),
('Tunic of the Artifact Guardian',226,'Chest','Mail'),
('Spaulders of Catatonia',226,'Shoulders','Leather'),
('Mantle of Dissemination',226,'Shoulders','Cloth'),
# Beasts of Northrend
('Collar of Ceaseless Torment',232,'Neck','Neck'),
('Carnivorous Band',232,'Ring','Ring'),
('Dreadscale Armguards',232,'Wrist','Plate'),
('Acidmaw Boots',232,'Feet','Leather'),
('Icehowl Cinch',232,'Waist','Cloth'),
# Lord Jaraxxus
('Leggings of the Demonic Messenger',232,'Legs','Cloth'),
('Firestorm Ring',232,'Ring','Ring'), 
('Girdle of the Nether Champion',232,'Waist','Plate'),
('Girdle of the Farseer',232,'Waist','Mail'),
('Endurance of the Infernal',232,'Neck','Neck'),
# Faction Champions
('Blade of the Silver Disciple',232,'Dagger','Main Hand'),
('Faceplate of the Silver Champion',232,'Head','Plate'),
('Sandals of the Silver Magus',232,'Feet','Cloth'),
('Victor\'s Call',232,'Trinket','Trinket'),
('Helm of the Silver Ranger',232,'Head','Mail'),
#Twin Val\'kyr
('Reckoning',232,'Sword','Two hand'),
('Loop of the Twin Valkyr',232,'Ring','Ring'),
('The Diplomat',232,'Ranged','Gun'),
('Enlightenment',232,'Staff','Two hand'),
('Helm of the Snowy Grotto',232,'Head','Leather'),

# Anub\'arak
('Baelgun\'s Heavy Crossbow',232,'Ranged','Crossbow'),
('The Grinder',232,'Dagger','One hand'),
('Cold Convergence',232,'Mace','Main hand'),
('Crusader\'s Glory',232,'Staff','Two hand'),
# Bronjahm
('Nighttime',232,'Axe','One hand'),
('Weeping Gauntlets',232,'Hands','Plate'),
('Loves Prisioner',232,'Neck','Necklace'),
# Devourer of Souls
('Seethe',232,'Sword','Main hand'),
('Needle-Encrusted Scorpion',232,'Trinket','Trinket'),
('Arcane Loops of Anger',232,'Neck','Necklace'),
# Forgemaster Garfrost
('Surgeon Needle',232,'Dagger','Main hand'),
('Spurned Valkyr Shoulderguards',232,'Shoulder','Mail'),
('Barbed Ymirheim Choker',232,'Neck','Necklace'),
# Ick and Krick
('Felglacier Bolter',232,'Ranged','Crossbow'),
('Icks Rotting Thumb',232,'Trinket','Trinket'),
('Ancient Polar Bear Hide',232,'Chest','Cloth'),
# Scourgelord Tyrannus
('Tyrannical Beheader',232,'Axe','Two hand'),
('Nevermelting Ice Crystal',232,'Trinket','Trinket'),
('Rusty Frozen Fingerguards',232,'Hands','Plate'),
# Falric
('Soulsplinter',232,'Ranged','Wand'),
('Spiked Toestompers',232,'Feet','Mail'),
('Bracer of Worn Molars',232,'Wrist','Cloth'),
# Marwyn
('Orca-Hunter Harpoon',232,'Polearm','Two hand'),
('Suspiciously Soft Gloves',232,'Hands','Cloth'),
('Ephemeral Snowflake',232,'Trinket','Trinket'),
# Escape the Lich King
('Black Icicle',232,'Mace','One hand'),
('Liar Tongue',232,'Sword','One hand'),
('Hoarfrost Gauntlets',232,'Hands','Mail');


INSERT INTO `Drops` VALUES
# (`BOSS_name`,`ITEM_name`,`Drop_chance`) Alterar drop chance de todos
('Lord Marrowgar','Bone Wardens Splitter' , 0),
('Lord Marrowgar','Bonebreaker Scepter'   , 0),
('Lord Marrowgar','Ancient Skeletal Boots', 0),
('Lord Marrowgar','Corrupted Silverplate Leggings' , 0),
('Lord Marrowgar','Linked Scourge Vertebrae', 251),
('Lord Marrowgar','Coldwraith Bracers', 251),
('Lord Marrowgar','Cord of the Patronizing Practitioner', 251),
('Lord Marrowgar','Shawl of Nerubian Silk', 251),
('Lord Marrowgar','Marrowgar Scratching Choker', 251),
('Lady Deathwhisper','Njorndar Bone Bow', 251),
('Lady Deathwhisper','Scourgelord Baton', 251),
('Lady Deathwhisper','Deathspeaker Zealot Helm', 251),
('Lady Deathwhisper','Chestguard of the Frigid Noose', 251),
('Lady Deathwhisper','Sister Handshrouds', 251),
('Lady Deathwhisper','Whispering Fanged Skull', 251),
('Gunship Battle','Pauldrons of Lost Hope', 251),
('Gunship Battle','Neverending Winter', 251),
('Gunship Battle','Abomination Bloody Ring',251),
('Gunship Battle','Midnight Sun',251),
('Gunship Battle','Saronite Gargoyle Cloak', 251),
('Deathbringer Saurfang','Thaumaturge Crackling Cowl',251),
('Deathbringer Saurfang','Maghari Chieftain Staff',251),
('Deathbringer Saurfang','Deathforged Legplates',0),
('Deathbringer Saurfang','Scourge Stranglers',0),
('Deathbringer Saurfang','Hauberk of a Thousand Cuts',0),
('Festergut','Abracadaver',251),
('Festergut','Festering Fingerguards',251),
('Festergut','Taldrons Long Neglected Boots',251),
('Festergut','Wrists of Septic Shock',251),
('Festergut','Bloodstained Surgeon Shoulderguards',251),
('Rotface','Abomination Knuckles',251),
('Rotface','Flesh-Shaper Gurney Strap',251),
('Rotface','Taldrons Short-Sighted Helm',0),
('Rotface','Chestguard of the Failed Experiment',251),
('Rotface','Ether-Soaked Bracers',251),
('Professor Putricide','The Facelifter',251),
('Professor Putricide','Chestplate of Septic Stitches',0),
('Professor Putricide','Rippling Flesh Kilt',0),
('Professor Putricide','Shoulders of Ruinous Senility',251),
('Professor Putricide','Unidentifiable Organ',251),
('Blood Prince Council','Hersir Greatspear',251),
('Blood Prince Council','Battle-Maiden Legguards',251),
('Blood Prince Council','Blood-Drinker Girdle',251),
('Blood Prince Council','Bloodsoul Raiment',251),
('Blood Prince Council','Heartsick Mender Cape',251),
('Blood-Queen Lana\'thel','Lana\'thel Bloody Nail',251),
('Blood-Queen Lana\'thel','Throatrender Handguards',251),
('Blood-Queen Lana\'thel','Chestguard of Siphoned Elements',251),
('Blood-Queen Lana\'thel','Shoulderpads of the Searing Kiss',251),
('Blood-Queen Lana\'thel','Cowl of Malefic Repose',251),

('Valithria Dreamwalker','Dreamhunter Carbine',251),
('Valithria Dreamwalker','Taiga Bindings',251),
('Valithria Dreamwalker','Stormbringer Gloves',251),
('Valithria Dreamwalker','Sister Svalna Spangenhelm',251),
('Valithria Dreamwalker','Leggings of the Refracted Mind',0),
('Sindragosa','Bleak Coldarra Carver',251),
('Sindragosa','Legplates of Aetheric Strife',251),
('Sindragosa','Shoulderguards of Crystalline Bone',251),
('Sindragosa','Icicle Shapers',0),
('Sindragosa','Robes of Azure Downfall',251),

('The Lich King','Windrunner Heartseeker',0),
('The Lich King','Telthas, Dagger of the Blood King',0),
('The Lich King','Stormfury, Black Blade of the Betrayer',251),
('The Lich King','Valius, Gavel of the Lightbringer',251),
('The Lich King','Tainted Twig of Nordrassil',251),

('Halion','Charred Twilight Scale',271),
('Halion','Cloak of Burning Dusk',271),
('Halion','Foreshadow Steps',271),
('Halion','Penumbra Pendant',271),
('Halion','Petrified Twilight Scale',271),
('Halion','Sharpened Twilight Scale',271),
('Halion','Signet of Twilight',271),

('Malygos','Winter Spectacle Gloves',226),
('Malygos','Reins of The Azure Drake',0),
('Malygos','Unravelling Strands of Sanity',6),
('Malygos','Tunic of the Artifact Guardian',226),
('Malygos','Spaulders of Catatonia',226),
('Malygos','Mantle of Dissemination',226),
# Beasts of Northrend
('Beasts of Northrend','Collar of Ceaseless Torment',232),
('Beasts of Northrend','Carnivorous Band',232),
('Beasts of Northrend','Dreadscale Armguards',232),
('Beasts of Northrend','Acidmaw Boots',232),
('Beasts of Northrend','Icehowl Cinch',232),
# Lord Jaraxxus
('Lord Jaraxxus','Leggings of the Demonic Messenger',232),
('Lord Jaraxxus','Firestorm Ring',232), 
('Lord Jaraxxus','Girdle of the Nether Champion',232),
('Lord Jaraxxus','Girdle of the Farseer',232),
('Lord Jaraxxus','Endurance of the Infernal',232),
# Faction Champions
('Faction Champions','Blade of the Silver Disciple',232),
('Faction Champions','Faceplate of the Silver Champion',232),
('Faction Champions','Sandals of the Silver Magus',232),
('Faction Champions','Victor\'s Call',232),
('Faction Champions','Helm of the Silver Ranger',232),
#Twin Val\'kyr
('Twin Val\'kyr','Reckoning',232),
('Twin Val\'kyr','Loop of the Twin Valkyr',232),
('Twin Val\'kyr','The Diplomat',232),
('Twin Val\'kyr','Enlightenment',232),
('Twin Val\'kyr','Helm of the Snowy Grotto',232),

# Anub\'arak
('Anub\'arak','Baelgun\'s Heavy Crossbow',0),
('Anub\'arak','The Grinder',232),
('Anub\'arak','Cold Convergence',232),
('Anub\'arak','Crusader\'s Glory',232),
('Bronjahm','Nighttime',232),
('Bronjahm','Weeping Gauntlets',232),
('Bronjahm','Loves Prisioner',232),
('Devourer of Souls','Seethe',232),
('Devourer of Souls','Needle-Encrusted Scorpion',232),
('Devourer of Souls','Arcane Loops of Anger',232),
('Forgemaster Garfrost','Surgeon Needle',232),
('Forgemaster Garfrost','Spurned Valkyr Shoulderguards',232),
('Forgemaster Garfrost','Barbed Ymirheim Choker',232),
('Ick and Krick','Felglacier Bolter',232),
('Ick and Krick','Icks Rotting Thumb',232),
('Ick and Krick','Ancient Polar Bear Hide',232),
('Scourgelord Tyrannus','Tyrannical Beheader',232),
('Scourgelord Tyrannus','Nevermelting Ice Crystal',232),
('Scourgelord Tyrannus','Rusty Frozen Fingerguards',232),
('Falric','Soulsplinter',232),
('Falric','Spiked Toestompers',232),
('Falric','Bracer of Worn Molars',232),
('Marwyn','Orca-Hunter Harpoon',232),
('Marwyn','Suspiciously Soft Gloves',232),
('Marwyn','Ephemeral Snowflake',232),
('Escape the Lich King','Black Icicle',232),
('Escape the Lich King','Liar Tongue',232),
('Escape the Lich King','Hoarfrost Gauntlets',232);
